,City,Country,Lat,Lng,Max Temp,Humidity,Cloudiness,Wind Speed,Current Description
0,kapaa,US,22.0752,-159.319,77.32,87,100,14.97,light rain
1,saint-pierre,RE,-21.3393,55.4781,71.28,71,75,4.61,broken clouds
2,trofors,NO,65.5333,13.4063,53.47,88,100,4.72,light rain
3,chardara,KZ,41.2547,67.9692,87.67,20,0,14.65,clear sky
4,babu,CN,24.4167,111.5167,81.61,75,99,2.46,overcast clouds
5,ancud,CL,-41.8697,-73.8203,42.22,80,72,7.76,broken clouds
6,butaritari,KI,3.0707,172.7902,81.48,81,59,17.63,light rain
7,new norfolk,AU,-42.7826,147.0587,45.72,90,41,2.33,scattered clouds
8,yar-sale,RU,66.8333,70.8333,56.88,63,100,11.1,overcast clouds
9,yantzaza,EC,-3.8278,-78.7594,82.18,55,43,1.63,scattered clouds
10,mayo,US,38.8876,-76.5119,88.03,55,40,6.91,scattered clouds
11,talnakh,RU,69.4865,88.3972,58.21,63,100,3.42,overcast clouds
12,hobart,AU,-42.8794,147.3294,46.06,96,75,4.61,fog
13,rikitea,PF,-23.1203,-134.9692,66.74,83,100,6.85,moderate rain
14,qaanaaq,GL,77.484,-69.3632,43.16,87,99,6.73,overcast clouds
15,punta arenas,CL,-53.15,-70.9167,35.71,87,75,4.61,light intensity drizzle rain
16,bredasdorp,ZA,-34.5322,20.0403,58.57,68,85,8.72,overcast clouds
17,akureyri,IS,65.6835,-18.0878,53.53,66,40,17.27,scattered clouds
18,masallatah,LY,32.6167,14.0,80.87,52,0,15.35,clear sky
19,acapulco,MX,16.8634,-99.8901,82.22,78,75,4.61,broken clouds
20,cape town,ZA,-33.9258,18.4232,64.38,71,75,5.75,broken clouds
21,aberdeen,GB,57.1437,-2.0981,64.65,82,75,6.91,broken clouds
22,vaini,TO,-21.2,-175.2,76.75,79,2,20.45,clear sky
23,rio grande,BR,-32.035,-52.0986,59.11,93,99,14.56,overcast clouds
24,sinnamary,GF,5.3833,-52.95,84.24,69,56,10.51,broken clouds
25,ushuaia,AR,-54.8,-68.3,31.62,80,20,3.44,few clouds
26,pevek,RU,69.7008,170.3133,33.67,86,5,12.88,clear sky
27,bethel,US,41.3712,-73.414,82.89,69,75,4.61,broken clouds
28,lebu,CL,-37.6167,-73.65,43.48,83,99,10.85,overcast clouds
29,lincoln,US,40.8,-96.667,85.12,57,0,12.66,clear sky
30,adrar,MR,20.5022,-10.0711,108.54,13,7,6.4,clear sky
31,tura,IN,25.5198,90.2201,78.39,86,2,2.13,clear sky
32,nuuk,GL,64.1835,-51.7216,54.21,62,40,8.05,scattered clouds
33,saint-francois,FR,46.4154,3.9054,90.84,29,0,11.5,clear sky
34,albany,US,42.6001,-73.9662,77.27,65,8,6.26,clear sky
35,puerto baquerizo moreno,EC,-0.9,-89.6,72.59,78,40,6.91,scattered clouds
36,nikolskoye,RU,59.7035,30.7861,60.8,88,74,6.62,broken clouds
37,kodiak,US,57.79,-152.4072,54.91,88,100,3.44,overcast clouds
38,hurricane,US,37.1753,-113.2899,95.34,33,71,2.13,broken clouds
39,cadiz,ES,36.5,-5.75,103.42,17,0,15.46,clear sky
40,atuona,PF,-9.8,-139.0333,77.54,68,27,17.13,scattered clouds
41,tuy hoa,VN,13.0833,109.3,78.3,91,95,3.8,overcast clouds
42,port elizabeth,ZA,-33.918,25.5701,60.1,77,0,18.41,clear sky
43,puerto ayora,EC,-0.7393,-90.3518,76.96,87,93,5.99,overcast clouds
44,mar del plata,AR,-38.0023,-57.5575,57.09,88,100,23.0,overcast clouds
45,sao filipe,CV,14.8961,-24.4956,76.46,72,16,14.81,few clouds
46,tuktoyaktuk,CA,69.4541,-133.0374,39.2,81,75,23.02,broken clouds
47,college,US,64.8569,-147.8028,58.21,53,40,5.75,smoke
48,maceio,BR,-9.6658,-35.7353,80.04,65,75,13.8,broken clouds
49,papara,BR,-3.9839,-38.7273,85.96,59,62,9.42,broken clouds
50,hermanus,ZA,-34.4187,19.2345,58.8,80,35,3.74,scattered clouds
51,pacific grove,US,36.6177,-121.9166,60.48,95,100,11.99,mist
52,quatre cocos,MU,-20.2078,57.7625,70.09,74,26,16.31,scattered clouds
53,barrow,US,71.2906,-156.7887,32.02,86,100,8.05,overcast clouds
54,ormara,PK,25.2088,64.6357,86.63,80,63,5.46,broken clouds
55,saskylakh,RU,71.9167,114.0833,41.79,93,100,8.03,overcast clouds
56,comodoro rivadavia,AR,-45.8667,-67.5,35.46,93,100,10.36,overcast clouds
57,thompson,CA,55.7435,-97.8558,64.56,100,100,5.75,overcast clouds
58,tasiilaq,GL,65.6145,-37.6368,46.56,70,42,5.64,scattered clouds
59,tondano,ID,1.3038,124.9112,68.09,92,97,1.1,light rain
60,upernavik,GL,72.7868,-56.1549,39.36,87,31,13.67,scattered clouds
61,akdagmadeni,TR,39.6603,35.8836,60.8,72,12,16.15,few clouds
62,port alfred,ZA,-33.5906,26.891,60.19,64,64,7.0,broken clouds
63,mundo nuevo,MX,18.7,-95.5,80.94,78,100,1.5,overcast clouds
64,chapais,CA,49.7834,-74.8492,69.58,35,69,7.14,broken clouds
65,pangkalanbuun,ID,-2.6833,111.6167,74.75,93,93,2.77,overcast clouds
66,tuatapere,NZ,-46.1333,167.6833,40.35,94,96,2.82,overcast clouds
67,agua verde,MX,22.9,-106.05,86.09,74,56,1.61,broken clouds
68,nanortalik,GL,60.1432,-45.2371,48.56,77,100,11.54,overcast clouds
69,foumbot,CM,5.5079,10.6356,71.74,90,68,2.08,moderate rain
70,mataura,NZ,-46.1927,168.8643,36.48,97,96,1.88,overcast clouds
71,lavrentiya,RU,65.5833,-171.0,48.34,70,100,4.99,overcast clouds
72,deputatskiy,RU,69.3,139.9,44.62,91,23,4.18,few clouds
73,murgab,TM,37.4966,61.9714,98.47,20,0,9.22,clear sky
74,ponta do sol,PT,32.6667,-17.1,80.71,62,3,8.14,clear sky
75,aripuana,BR,-9.1667,-60.6333,94.48,28,6,3.0,clear sky
76,vestmannaeyjar,IS,63.4427,-20.2734,52.79,76,20,11.5,few clouds
77,avarua,CK,-21.2078,-159.775,73.45,64,100,8.05,overcast clouds
78,altoona,US,40.5187,-78.3947,78.66,65,23,1.01,few clouds
79,te anau,NZ,-45.4167,167.7167,31.5,94,56,0.47,broken clouds
80,bathsheba,BB,13.2167,-59.5167,87.04,80,75,16.11,broken clouds
81,spring valley,US,36.108,-115.245,97.09,20,75,10.36,broken clouds
82,deming,US,32.2687,-107.7586,84.09,37,0,8.05,clear sky
83,grindavik,IS,63.8424,-22.4338,52.27,66,75,11.5,broken clouds
84,hithadhoo,MV,-0.6,73.0833,83.71,73,100,14.23,overcast clouds
85,sept-iles,CA,50.2001,-66.3821,63.12,69,75,13.8,broken clouds
86,biloela,AU,-24.4167,150.5,45.59,76,0,6.15,clear sky
87,mastic beach,US,40.7668,-72.8521,84.45,79,0,7.0,clear sky
88,kiama,AU,-34.6833,150.8667,45.57,75,29,1.99,scattered clouds
89,jamestown,US,42.097,-79.2353,73.94,63,0,9.22,clear sky
90,severo-kurilsk,RU,50.6789,156.125,52.5,97,84,7.54,broken clouds
91,severomuysk,RU,56.1481,113.4267,55.51,76,95,3.58,overcast clouds
92,khatanga,RU,71.9667,102.5,42.98,89,100,5.37,light rain
93,skjervoy,NO,70.0311,20.9714,57.2,94,100,6.85,overcast clouds
94,saint-philippe,RE,-21.3585,55.7679,71.19,80,67,12.28,light rain
95,diego de almagro,CL,-26.3667,-70.05,51.3,56,21,8.01,few clouds
96,bluff,NZ,-46.6,168.3333,35.8,87,100,10.42,overcast clouds
97,veresegyhaz,HU,47.6459,19.2954,97.97,21,86,7.65,overcast clouds
98,castro,BR,-24.7911,-50.0119,70.43,55,94,13.51,overcast clouds
99,fairbanks,US,64.8378,-147.7164,53.56,65,40,5.75,smoke
100,bambous virieux,MU,-20.3428,57.7575,70.21,73,75,11.5,broken clouds
101,georgetown,MY,5.4112,100.3354,82.89,90,20,0.0,few clouds
102,kibaya,TZ,-5.3,36.5667,63.91,61,86,8.48,overcast clouds
103,alekseyevsk,RU,57.8406,108.3492,55.22,91,100,2.48,overcast clouds
104,ribeira grande,PT,38.5167,-28.7,77.4,73,40,12.66,scattered clouds
105,callaway,US,30.153,-85.5699,87.94,80,63,7.0,broken clouds
106,mount isa,AU,-20.7333,139.5,51.57,35,15,8.05,few clouds
107,liberia,LR,6.5,-9.5,75.87,93,93,6.11,moderate rain
108,sitka,US,57.0531,-135.33,55.29,82,75,3.44,broken clouds
109,honningsvag,NO,70.9821,25.9704,60.55,88,76,2.3,broken clouds
110,yellowknife,CA,62.456,-114.3525,57.72,94,75,3.44,light intensity shower rain
111,qujing,CN,25.4833,103.7833,62.2,92,57,3.27,broken clouds
112,novomykolayivka,UA,47.9781,35.9102,72.23,47,25,13.85,scattered clouds
113,yichun,CN,47.7,128.9,63.37,95,99,7.36,overcast clouds
114,victoria,HK,22.2855,114.1577,88.18,83,99,5.01,overcast clouds
115,cuiaba,BR,-15.5961,-56.0967,89.53,29,0,11.5,clear sky
116,iqaluit,CA,63.7506,-68.5145,46.13,81,40,5.75,scattered clouds
117,norman wells,CA,65.282,-126.8329,48.24,93,100,10.36,light intensity drizzle
118,mahebourg,MU,-20.4081,57.7,70.25,73,75,11.5,broken clouds
119,makakilo city,US,21.3469,-158.0858,77.32,71,20,13.8,few clouds
120,busselton,AU,-33.65,115.3333,59.63,73,83,20.85,broken clouds
121,kavaratti,IN,10.5669,72.642,81.46,84,96,21.65,overcast clouds
122,penzance,GB,50.1186,-5.5371,68.68,63,0,24.16,clear sky
123,kilindoni,TZ,-7.9139,39.6668,76.28,78,76,12.33,light rain
124,sisimiut,GL,66.9395,-53.6735,52.41,54,0,16.11,clear sky
125,iberia,US,29.9502,-91.7507,87.96,70,40,6.91,scattered clouds
126,provideniya,RU,64.3833,-173.3,51.58,61,100,6.13,overcast clouds
127,trairi,BR,-3.2778,-39.2689,85.77,57,29,13.8,scattered clouds
128,flin flon,CA,54.7682,-101.865,67.84,56,75,9.22,broken clouds
129,faanui,PF,-16.4833,-151.75,77.36,74,45,25.05,light rain
130,chuy,UY,-33.6971,-53.4616,60.15,82,83,10.58,broken clouds
131,piacabucu,BR,-10.4056,-36.4344,79.68,64,26,11.14,scattered clouds
132,batticaloa,LK,7.7102,81.6924,83.44,59,40,14.29,scattered clouds
133,pemangkat,ID,1.1667,108.9667,79.57,76,88,3.36,overcast clouds
134,clifton,US,40.8584,-74.1638,86.9,60,20,9.22,few clouds
135,terrace bay,CA,48.7834,-87.1,55.2,66,3,5.21,clear sky
136,carmo do rio claro,BR,-20.9719,-46.1189,78.6,37,32,11.39,scattered clouds
137,estelle,US,29.8458,-90.1067,88.0,76,75,5.75,broken clouds
138,narsaq,GL,60.9167,-46.05,59.22,78,100,9.93,light rain
139,yongan,CN,39.6957,113.6871,70.77,52,33,4.18,scattered clouds
140,sakti,IN,22.0333,82.9667,79.29,86,100,6.69,moderate rain
141,dubbo,AU,-32.25,148.6167,35.73,93,0,3.44,clear sky
142,zhigansk,RU,66.7697,123.3711,58.95,98,88,8.57,light rain
143,yumen,CN,40.2833,97.2,65.77,65,100,7.45,overcast clouds
144,viedma,AR,-40.8135,-62.9967,51.98,63,100,19.95,overcast clouds
145,chandbali,IN,20.7833,86.7667,82.18,83,100,6.85,light rain
146,souillac,MU,-20.5167,57.5167,70.18,73,75,11.5,broken clouds
147,benicarlo,ES,40.4165,0.4271,92.89,65,0,6.38,clear sky
148,punta alta,AR,-38.8759,-62.0736,53.82,60,100,11.52,overcast clouds
149,moberly,US,39.4184,-92.4382,86.43,45,0,0.0,clear sky
150,inirida,CO,3.8653,-67.9239,84.27,74,90,1.95,overcast clouds
151,kumbo,CM,6.2,10.6667,63.68,94,97,2.04,moderate rain
152,hasaki,JP,35.7333,140.8333,73.8,91,100,10.54,light rain
153,setermoen,NO,68.861,18.3486,57.43,91,100,1.99,light rain
154,mae sot,TH,16.7167,98.5667,77.41,97,100,0.92,overcast clouds
155,moengo,SR,5.6167,-54.4,86.34,68,45,3.31,scattered clouds
156,ilulissat,GL,69.2167,-51.1,50.02,57,20,6.91,few clouds
157,petropavlovsk-kamchatskiy,RU,53.0452,158.6483,55.99,100,100,2.24,fog
158,saint george,US,37.1041,-113.5841,92.95,31,0,4.61,clear sky
159,ostrovnoy,RU,68.0531,39.5131,64.98,87,96,4.97,light rain
160,sorland,NO,67.667,12.6934,53.46,90,100,13.06,light rain
161,bengkulu,ID,-3.8004,102.2655,76.91,93,99,5.39,overcast clouds
162,avera,US,33.194,-82.5271,81.91,54,87,7.43,overcast clouds
163,uthal,PK,25.8072,66.6219,86.65,77,98,5.46,overcast clouds
164,presidente venceslau,BR,-21.8761,-51.8439,86.7,24,51,16.44,broken clouds
165,nanga eboko,CM,4.6833,12.3667,74.44,94,41,2.93,moderate rain
166,port hardy,CA,50.6996,-127.4199,53.78,94,100,3.44,light rain
167,carnarvon,AU,-24.8667,113.6333,67.93,82,6,10.67,clear sky
168,xining,CN,36.6167,101.7667,64.08,91,100,4.41,overcast clouds
169,dargaville,NZ,-35.9333,173.8833,54.55,89,100,11.18,overcast clouds
170,saint-augustin,CA,51.226,-58.6502,69.58,41,29,9.73,scattered clouds
171,samarai,PG,-10.6167,150.6667,76.35,75,100,19.51,overcast clouds
172,strenci,LV,57.6257,25.6854,70.16,49,56,9.95,broken clouds
173,bartow,US,27.8964,-81.8431,90.05,75,40,4.61,scattered clouds
174,phayao,TH,19.25,100.25,74.23,96,100,2.39,heavy intensity rain
175,manokwari,ID,-0.8667,134.0833,77.7,82,63,3.29,broken clouds
176,zeya,RU,53.75,127.2667,68.11,74,79,4.03,broken clouds
177,vung tau,VN,10.346,107.0843,79.93,82,100,13.04,overcast clouds
178,ouesso,CG,1.6136,16.0517,81.48,62,91,2.04,overcast clouds
179,san patricio,US,28.017,-97.5169,90.91,45,2,8.59,clear sky
180,qui nhon,VN,13.7667,109.2333,80.64,87,97,5.77,overcast clouds
181,karonga,MW,-9.9333,33.9333,71.01,69,0,3.74,clear sky
182,longyearbyen,SJ,78.2186,15.6401,53.44,76,0,1.14,clear sky
183,airai,TL,-8.9266,125.4092,54.36,89,51,2.71,broken clouds
184,kahului,US,20.8947,-156.47,76.84,79,0,14.97,clear sky
185,padang,ID,-0.9492,100.3543,73.45,88,100,6.8,moderate rain
186,juneau,US,58.3019,-134.4197,55.22,93,75,0.0,broken clouds
187,merauke,ID,-8.4667,140.3333,74.1,78,73,15.75,broken clouds
188,dong hoi,VN,17.4833,106.6,80.58,87,49,3.22,scattered clouds
189,vuktyl,RU,63.8567,57.3094,77.4,59,18,15.35,few clouds
190,soderhamn,SE,61.3037,17.0592,64.96,56,100,12.19,overcast clouds
191,olafsvik,IS,64.8945,-23.7142,50.81,73,24,3.11,few clouds
192,makurdi,NG,7.7411,8.5121,82.83,74,62,7.23,light rain
193,aklavik,CA,68.2191,-135.0107,41.0,81,100,12.66,shower rain
194,chivay,PE,-15.6383,-71.6011,53.71,34,36,4.92,scattered clouds
195,rumonge,BI,-3.9736,29.4386,74.93,59,19,2.28,few clouds
196,de-kastri,RU,51.4667,140.7833,59.41,98,100,4.65,overcast clouds
197,isla mujeres,MX,21.2311,-86.731,86.16,66,52,11.43,broken clouds
198,ahipara,NZ,-35.1667,173.1667,55.15,88,85,10.13,overcast clouds
199,nemuro,JP,43.3236,145.575,59.72,90,100,10.71,overcast clouds
200,colac,AU,-38.3333,143.5833,46.17,96,17,4.47,few clouds
201,galveston,US,29.3669,-94.9669,91.18,76,0,5.75,clear sky
202,santo antonio do ica,BR,-3.1022,-67.9397,81.3,86,75,3.09,broken clouds
203,dikson,RU,73.5069,80.5464,42.28,75,9,12.39,clear sky
204,ajdabiya,LY,30.7554,20.2263,80.62,51,0,23.6,clear sky
205,vao,NC,-22.6667,167.4833,71.04,65,12,25.1,few clouds
206,acarau,BR,-2.8856,-40.12,86.02,57,8,15.61,clear sky
207,huarmey,PE,-10.0681,-78.1522,65.84,70,18,10.42,few clouds
208,yerbogachen,RU,61.2767,108.0108,52.74,94,100,3.42,moderate rain
209,monaco-ville,FR,43.731,7.4248,91.38,74,40,5.75,scattered clouds
210,anadyr,RU,64.75,177.4833,52.3,93,75,2.24,broken clouds
211,san rafael,AR,-34.6177,-68.3301,49.1,37,100,4.16,overcast clouds
212,luganville,VU,-15.5333,167.1667,74.68,83,51,3.76,broken clouds
213,butembo,CD,0.15,29.2833,65.25,66,78,2.37,broken clouds
214,east london,ZA,-33.0153,27.9116,63.54,63,0,13.8,clear sky
215,esperance,AU,-33.8667,121.9,60.19,86,71,15.32,broken clouds
216,vostok,RU,46.4856,135.8833,58.75,93,100,5.17,overcast clouds
217,tselinnoye,RU,53.0833,85.6667,54.68,61,100,3.8,overcast clouds
218,namibe,AO,-15.1961,12.1522,66.45,84,19,11.54,few clouds
219,guadalupe y calvo,MX,26.1,-106.9667,71.02,43,89,6.22,overcast clouds
220,daru,PG,-9.0763,143.2092,74.46,82,100,16.89,overcast clouds
221,port lincoln,AU,-34.7333,135.8667,50.86,73,40,11.79,scattered clouds
222,geraldton,AU,-28.7667,114.6,61.21,77,40,8.05,scattered clouds
223,gigmoto,PH,13.7796,124.39,81.18,84,67,4.59,broken clouds
224,muroto,JP,33.2833,134.15,76.91,88,77,4.61,light rain
225,da lat,VN,11.9465,108.4419,61.81,100,99,2.55,overcast clouds
226,rawson,AR,-43.3002,-65.1023,47.35,56,100,14.56,overcast clouds
227,poltavka,RU,54.3663,71.7632,71.46,70,68,8.97,broken clouds
228,mackay,AU,-21.15,149.2,52.68,61,9,15.08,clear sky
229,alamos,MX,27.0167,-108.9333,87.08,50,26,1.61,scattered clouds
230,hualmay,PE,-11.0964,-77.6139,64.74,69,41,10.27,scattered clouds
231,cabo san lucas,MX,22.8909,-109.9124,91.71,45,20,4.61,few clouds
232,kudahuvadhoo,MV,2.6708,72.8944,82.89,75,34,11.52,scattered clouds
233,kruisfontein,ZA,-34.0033,24.7314,56.88,85,26,11.03,scattered clouds
234,lima,PE,-12.0432,-77.0282,69.91,65,100,8.05,overcast clouds
235,torbay,CA,47.6666,-52.7314,77.88,57,40,10.36,scattered clouds
236,manicore,BR,-5.8092,-61.3003,89.55,62,0,4.61,clear sky
237,nabire,ID,-3.3667,135.4833,76.42,91,100,3.4,overcast clouds
238,odesskoye,RU,54.2111,72.9651,69.08,81,99,6.89,moderate rain
239,constitucion,CL,-35.3333,-72.4167,46.53,80,96,9.13,overcast clouds
240,ellisras,ZA,-23.6649,27.7443,65.82,21,0,7.27,clear sky
241,roebourne,AU,-20.7833,117.1333,65.88,61,32,5.46,scattered clouds
242,ughelli,NG,5.4899,6.0074,78.58,84,81,7.16,light rain
243,chara,RU,56.9064,118.2631,64.78,84,100,2.39,light rain
244,bozeman,US,45.6796,-111.0386,75.2,55,0,1.99,clear sky
245,nyurba,RU,63.2842,118.3319,60.85,93,60,4.29,broken clouds
246,asau,RO,46.4333,26.4,81.52,58,71,1.05,broken clouds
247,mehamn,NO,71.0357,27.8492,60.75,82,75,3.44,broken clouds
248,stornoway,GB,58.2093,-6.3865,57.92,85,75,14.97,light intensity shower rain
249,ixtapa,MX,20.7,-105.2,85.23,79,75,4.0,broken clouds
250,omsukchan,RU,62.5333,155.8,57.38,82,44,5.26,scattered clouds
251,astoria,US,46.1879,-123.8313,60.89,76,100,4.61,overcast clouds
252,kaitangata,NZ,-46.2817,169.8464,38.59,94,95,6.49,overcast clouds
253,laguna,US,38.421,-121.4238,79.97,70,0,6.91,clear sky
254,mount gambier,AU,-37.8333,140.7667,46.31,100,100,8.05,mist
255,camacha,PT,33.0833,-16.3333,71.02,68,20,10.36,few clouds
256,nouadhibou,MR,20.931,-17.0347,71.58,78,21,20.71,few clouds
257,carmen,MX,18.6333,-91.8333,84.24,74,75,13.8,broken clouds
258,leningradskiy,RU,69.3833,178.4167,33.69,83,100,10.27,overcast clouds
259,maridi,SS,4.9158,29.4742,70.09,93,95,4.29,moderate rain
260,takoradi,GH,4.8845,-1.7554,77.45,80,71,11.05,broken clouds
261,lebowakgomo,ZA,-24.2,29.5,68.9,22,0,5.84,clear sky
262,sioux lookout,CA,50.1001,-91.917,69.87,68,40,5.75,scattered clouds
263,gannan,CN,47.9147,123.5031,64.85,97,100,7.61,overcast clouds
264,kulhudhuffushi,MV,6.6221,73.07,82.45,81,79,15.08,broken clouds
265,emba,KZ,48.8264,58.1442,91.18,21,14,7.52,few clouds
266,aswan,EG,24.0934,32.907,105.1,14,0,12.66,clear sky
267,riyadh,SA,24.6877,46.7219,105.94,6,22,12.97,few clouds
268,tigre,AR,-34.426,-58.5796,57.25,78,0,10.36,clear sky
269,lixourion,GR,38.2019,20.4314,86.0,62,0,20.71,clear sky
270,lakatoro,VU,-16.0999,167.4164,77.49,79,60,2.39,broken clouds
271,swiecie,PL,53.4095,18.4474,76.24,36,26,8.99,scattered clouds
272,kalmunai,LK,7.4167,81.8167,83.64,57,53,10.67,broken clouds
273,berlevag,NO,70.8578,29.0864,69.6,87,0,3.44,clear sky
274,alofi,NU,-19.0595,-169.9187,75.09,78,93,10.36,overcast clouds
275,gikongoro,RW,-2.464,29.5739,63.79,57,44,1.7,scattered clouds
276,bamako,ML,12.65,-8.0,95.41,43,40,5.75,scattered clouds
277,micheweni,TZ,-4.9667,39.8333,74.55,85,85,13.56,light rain
278,ugoofaaru,MV,5.6667,73.0,82.85,78,92,15.46,overcast clouds
279,iglesias,IT,39.3114,8.535,87.53,54,18,8.01,few clouds
280,arraial do cabo,BR,-22.9661,-42.0278,78.76,73,40,14.97,scattered clouds
281,port macquarie,AU,-31.4333,152.9167,50.9,85,57,12.8,broken clouds
282,eydhafushi,MV,5.1033,73.0708,83.34,77,42,15.68,scattered clouds
283,guanare,VE,9.0418,-69.7421,85.87,63,20,3.36,few clouds
284,karratha,AU,-20.7377,116.8463,66.02,60,18,5.79,few clouds
285,saint-joseph,RE,-21.3667,55.6167,70.18,79,56,10.27,light rain
286,hay river,CA,60.8156,-115.7999,62.58,63,75,13.8,broken clouds
287,mangan,IN,27.5167,88.5333,76.37,85,39,3.4,scattered clouds
288,ecoporanga,BR,-18.3733,-40.8306,77.36,57,92,7.09,overcast clouds
289,dunedin,NZ,-45.8742,170.5036,42.8,75,52,8.99,broken clouds
290,cherskiy,RU,68.75,161.3,36.48,79,26,8.7,scattered clouds
291,paita,PE,-5.0892,-81.1144,68.76,67,44,14.7,scattered clouds
292,harda,IN,22.3333,77.1,77.67,93,100,3.24,moderate rain
293,guerrero negro,MX,27.9769,-114.0611,68.76,73,24,13.4,few clouds
294,yulara,AU,-25.2406,130.9889,46.6,42,4,9.48,clear sky
295,poum,NC,-20.2333,164.0167,72.84,56,10,20.04,clear sky
296,baikunthpur,IN,23.25,82.55,78.12,80,89,7.31,overcast clouds
297,beruwala,LK,6.4788,79.9828,78.01,88,38,10.0,scattered clouds
298,nantucket,US,41.2835,-70.0995,78.91,91,75,10.36,mist
299,guasdualito,VE,7.2424,-70.7324,87.76,66,20,6.91,few clouds
300,hanyang,CN,32.1371,105.5126,75.31,90,52,2.08,broken clouds
301,grand gaube,MU,-20.0064,57.6608,70.38,70,43,7.0,scattered clouds
302,hilo,US,19.7297,-155.09,74.62,91,100,4.61,light rain
303,husavik,IS,66.0449,-17.3389,49.84,78,61,6.85,broken clouds
304,beringovskiy,RU,63.05,179.3167,46.81,98,100,6.29,moderate rain
305,buenavista,PH,8.9769,125.4089,76.66,92,57,4.29,broken clouds
306,leh,IN,34.1667,77.5833,62.55,57,87,9.01,overcast clouds
307,port-gentil,GA,-0.7193,8.7815,78.76,73,20,14.97,few clouds
308,gorontalo,ID,0.5412,123.0595,74.98,97,100,1.77,moderate rain
309,nouakchott,MR,18.0858,-15.9785,82.33,73,8,15.01,clear sky
310,mocajuba,BR,-2.5842,-49.5072,90.28,50,71,4.65,broken clouds
311,leshukonskoye,RU,64.8989,45.7622,69.78,82,100,2.04,light rain
312,baykit,RU,61.67,96.37,50.36,91,45,1.74,light rain
313,otane,NZ,-39.8833,176.6333,48.0,96,100,9.78,overcast clouds
314,cassilandia,BR,-19.1133,-51.7342,90.72,17,32,12.73,scattered clouds
315,port hedland,AU,-20.3167,118.5667,55.45,88,82,4.61,broken clouds
316,pangnirtung,CA,66.1451,-65.7125,48.2,87,20,11.5,few clouds
317,fort frances,CA,48.5999,-93.4003,73.17,53,0,4.0,clear sky
318,verkhnyaya inta,RU,65.9811,60.3094,76.35,68,53,9.01,broken clouds
319,tilichiki,RU,60.4667,166.1,56.95,79,4,8.12,clear sky
320,portland,US,45.5234,-122.6762,65.61,75,20,6.91,few clouds
321,isangel,VU,-19.55,169.2667,75.31,100,100,2.3,overcast clouds
322,kuhdasht,IR,33.535,47.6061,93.04,9,0,7.18,clear sky
323,san lorenzo de el escorial,ES,40.5914,-4.1474,103.37,13,22,7.43,few clouds
324,toma,BF,12.7667,-2.8833,98.4,31,47,6.49,scattered clouds
325,kwinana,AU,-32.25,115.7667,62.89,76,23,10.0,light rain
326,luderitz,NA,-26.6481,15.1594,66.34,48,0,16.24,clear sky
327,chililabombwe,ZM,-12.3648,27.8229,67.48,37,29,1.54,scattered clouds
328,asfi,MA,32.2994,-9.2372,73.92,77,15,16.6,few clouds
329,vila franca do campo,PT,37.7167,-25.4333,75.61,77,85,10.49,overcast clouds
330,pinerovka,RU,51.562,43.0689,61.11,89,78,10.83,heavy intensity rain
331,cidreira,BR,-30.1811,-50.2056,58.59,98,100,11.72,moderate rain
332,faya,SA,18.3851,42.4509,75.31,58,86,6.44,overcast clouds
333,kiruna,SE,67.8557,20.2251,58.12,88,75,12.66,broken clouds
334,mugur-aksy,RU,50.35,90.5,38.35,99,100,5.1,overcast clouds
335,grajau,BR,-5.8194,-46.1386,95.07,33,11,8.61,few clouds
336,angoche,MZ,-16.2325,39.9086,72.66,68,0,9.44,clear sky
337,loukhi,RU,66.0764,33.0381,71.49,49,32,5.46,scattered clouds
338,balta,UA,47.9355,29.6198,81.77,35,80,10.89,broken clouds
339,itarema,BR,-2.9248,-39.9167,85.91,57,7,15.61,clear sky
340,pisco,PE,-13.7,-76.2167,62.65,72,0,8.05,clear sky
341,qasigiannguit,GL,68.8193,-51.1922,50.25,55,22,6.64,few clouds
342,tambopata,PE,-12.7333,-69.1833,75.09,83,75,2.3,broken clouds
343,kourou,GF,5.1552,-52.6478,86.11,67,78,7.05,broken clouds
344,naze,JP,28.3667,129.4833,79.72,90,96,7.25,overcast clouds
345,andenes,NO,69.3143,16.1194,53.58,87,75,12.66,broken clouds
346,maniitsoq,GL,65.4167,-52.9,45.57,78,9,7.07,clear sky
347,takefu,JP,35.9039,136.1669,73.63,95,95,6.51,overcast clouds
348,chokurdakh,RU,70.6333,147.9167,43.25,64,27,7.47,scattered clouds
349,birnin kebbi,NG,12.4539,4.1975,95.04,38,27,9.98,scattered clouds
350,kavieng,PG,-2.5744,150.7967,80.38,83,100,15.39,light rain
351,balaipungut,ID,1.05,101.2833,76.42,96,95,0.74,overcast clouds
352,itainopolis,BR,-7.4469,-41.4783,93.97,26,8,10.83,clear sky
353,ascension,US,30.2169,-90.9001,87.17,81,0,4.61,clear sky
354,tual,ID,-5.6667,132.75,78.26,81,100,21.21,overcast clouds
355,huangmei,CN,30.1924,116.025,85.39,73,99,1.23,overcast clouds
356,russell,US,32.3502,-85.1999,79.88,74,100,0.6,moderate rain
357,el paso,US,31.8001,-106.2005,87.13,37,20,0.0,few clouds
358,hommelvik,NO,63.4108,10.7942,51.76,87,75,27.63,broken clouds
359,caravelas,BR,-17.7125,-39.2481,75.85,76,85,6.93,overcast clouds
360,waitakere,NZ,-36.9175,174.6577,52.86,96,75,14.97,broken clouds
361,abong mbang,CM,3.9833,13.1833,75.15,92,38,2.08,moderate rain
362,boguchany,RU,58.3814,97.4531,50.81,71,27,2.98,scattered clouds
363,sola,VU,-13.8833,167.55,79.54,73,29,2.62,scattered clouds
364,dingle,PH,10.9995,122.6711,76.14,92,44,1.68,scattered clouds
365,salalah,OM,17.0151,54.0924,78.89,94,75,8.05,broken clouds
366,cefa,RO,46.9167,21.7333,90.41,25,0,9.22,clear sky
367,havelock,US,34.8791,-76.9013,86.95,83,100,5.01,overcast clouds
368,tadine,NC,-21.55,167.8833,69.69,76,100,4.38,overcast clouds
369,high rock,BS,26.6208,-78.2833,87.82,67,51,13.44,broken clouds
370,muros,ES,42.7762,-9.0603,86.09,37,100,6.89,overcast clouds
371,kilifi,KE,-3.6305,39.8499,74.8,82,65,15.7,light rain
372,brandon,US,27.9378,-82.2859,92.05,79,40,7.0,scattered clouds
373,lae,PG,-6.7221,146.9847,76.42,85,100,2.55,overcast clouds
374,broome,US,42.2506,-75.833,73.69,69,4,3.0,clear sky
375,coahuayana,MX,18.7333,-103.6833,86.5,69,93,1.7,overcast clouds
376,koungou,YT,-12.7336,45.2042,76.71,73,0,12.66,clear sky
377,hailin,CN,44.5833,129.4167,63.93,96,90,3.58,overcast clouds
378,tamiahua,MX,21.2667,-97.45,84.94,69,26,7.18,scattered clouds
379,evensk,RU,61.95,159.2333,62.28,71,19,11.86,few clouds
380,killybegs,IE,54.6333,-8.45,60.51,81,99,12.64,overcast clouds
381,hammerfest,NO,70.6634,23.6821,54.05,100,100,5.75,mist
382,hirara,JP,24.8,125.2833,84.72,85,95,15.57,light rain
383,picui,BR,-6.5106,-36.3469,80.47,56,57,17.9,broken clouds
384,camapua,BR,-19.5314,-54.0439,91.13,16,43,16.4,scattered clouds
385,sauda,NO,59.6506,6.3542,58.68,76,100,7.11,overcast clouds
386,celestun,MX,20.8667,-90.4,87.03,60,100,8.12,overcast clouds
387,galle,LK,6.0367,80.217,78.48,88,23,12.17,few clouds
388,neftcala,AZ,39.3742,49.2472,81.97,62,0,6.76,clear sky
389,lakes entrance,AU,-37.8811,147.981,42.17,72,100,8.5,overcast clouds
390,torquay,GB,50.4638,-3.5143,75.74,47,25,8.01,scattered clouds
391,senneterre,CA,48.3835,-77.2328,69.31,39,43,6.42,scattered clouds
392,olsztyn,PL,53.7799,20.4942,69.76,53,67,10.51,broken clouds
393,turukhansk,RU,65.8167,87.9833,51.58,75,73,5.95,broken clouds
394,saint pete beach,US,27.7253,-82.7412,92.16,66,0,8.05,clear sky
395,nchelenge,ZM,-9.3451,28.734,71.89,56,26,4.97,scattered clouds
396,brae,GB,60.3964,-1.353,54.23,77,94,12.75,overcast clouds
397,sembakung,ID,3.8167,117.25,71.89,99,99,0.72,overcast clouds
398,launceston,AU,-41.45,147.1667,44.24,93,100,5.75,overcast clouds
399,sangmelima,CM,2.9333,11.9833,72.27,92,83,4.16,light rain
400,changli,CN,39.7042,119.1506,73.51,68,19,4.32,few clouds
401,mizdah,LY,31.4451,12.9801,90.55,18,0,8.68,clear sky
402,gumdag,TM,39.2061,54.5906,98.94,11,0,12.62,clear sky
403,murray bridge,AU,-35.1167,139.2667,46.13,87,2,6.6,clear sky
404,klaksvik,FO,62.2266,-6.589,54.52,80,69,13.71,broken clouds
405,north platte,US,41.1239,-100.7654,85.89,42,0,8.05,clear sky
406,nishihara,JP,26.1842,127.7558,83.68,94,100,8.05,overcast clouds
407,valls,ES,41.2861,1.2499,84.72,52,40,6.91,scattered clouds
408,serowe,BW,-22.3833,26.7167,63.55,26,3,7.0,clear sky
409,christchurch,NZ,-43.5333,172.6333,41.47,92,75,2.3,broken clouds
410,san cristobal,VE,7.7669,-72.225,80.78,37,31,6.51,scattered clouds
411,lengshuijiang,CN,27.6881,111.4294,82.56,75,100,1.45,overcast clouds
412,carutapera,BR,-1.195,-46.02,83.34,73,73,11.68,broken clouds
413,shingu,JP,33.7333,135.9833,73.85,95,94,0.96,light rain
414,moose factory,CA,51.2585,-80.6094,71.6,43,40,4.61,scattered clouds
415,ust-omchug,RU,61.15,149.6333,64.54,76,88,4.36,overcast clouds
416,beloha,MG,-25.1667,45.05,66.02,77,0,5.68,clear sky
417,morondava,MG,-20.2833,44.2833,74.59,65,0,16.49,clear sky
418,lokachi,UA,50.737,24.6494,69.57,66,68,7.02,broken clouds
419,tiznit,MA,29.5833,-9.5,91.31,29,1,8.34,clear sky
420,togur,RU,58.3631,82.8265,54.18,83,58,4.5,broken clouds
421,vanimo,PG,-2.6741,141.3028,77.09,87,88,1.23,overcast clouds
422,morant bay,JM,17.8815,-76.4093,90.72,67,100,10.29,overcast clouds
423,danbury,US,41.3948,-73.454,83.17,67,75,4.61,broken clouds
424,omboue,GA,-1.5746,9.2618,75.94,71,45,9.84,scattered clouds
425,mantsala,FI,60.6609,25.2838,66.76,55,78,10.51,broken clouds
426,lipari,IT,38.4674,14.954,84.33,48,0,5.99,clear sky
427,ilabaya,PE,-17.4208,-70.5133,71.08,21,11,8.48,few clouds
428,virginia beach,US,36.8529,-75.978,87.03,75,75,3.44,broken clouds
429,kandrian,PG,-6.2167,149.55,78.35,88,100,14.38,moderate rain
430,birao,CF,10.2849,22.7882,81.55,62,95,5.19,overcast clouds
431,kosonsoy,UZ,41.2561,71.5508,81.16,24,0,3.11,clear sky
432,lagoa,PT,39.05,-27.9833,69.94,92,100,15.32,overcast clouds
433,palana,RU,59.1167,159.9667,50.22,90,86,6.31,overcast clouds
434,arman,RU,59.7,150.1667,60.46,88,46,2.3,scattered clouds
435,amapa,BR,1.0,-52.0,83.08,73,89,4.94,overcast clouds
436,antofagasta,CL,-23.65,-70.4,60.08,65,47,7.7,scattered clouds
437,vanavara,RU,60.34,102.2797,54.14,87,100,1.54,overcast clouds
438,ushumun,RU,52.7833,126.5333,64.96,85,72,3.96,broken clouds
439,sao desiderio,BR,-12.3633,-44.9733,91.35,26,42,6.73,scattered clouds
440,necochea,AR,-38.5473,-58.7368,54.9,59,100,12.35,overcast clouds
441,umm lajj,SA,25.0213,37.2685,86.02,67,71,8.5,broken clouds
442,gose,JP,34.45,135.7333,78.06,96,83,1.3,light rain
443,santa isabel do rio negro,BR,-0.4139,-65.0192,77.5,86,100,2.1,overcast clouds
444,vila velha,BR,-20.3297,-40.2925,75.15,86,75,5.75,broken clouds
445,balabagan,PH,7.5264,124.1142,77.95,89,98,2.84,overcast clouds
446,ayan,RU,56.45,138.1667,59.13,95,99,4.12,overcast clouds
447,kjollefjord,NO,70.9457,27.3465,60.85,82,75,3.44,broken clouds
448,jacqueville,CI,5.2052,-4.4146,77.27,81,100,13.53,overcast clouds
449,talara,PE,-4.5772,-81.2719,68.76,73,0,24.16,clear sky
450,mozarlandia,BR,-14.7447,-50.5706,94.1,22,66,10.42,broken clouds
451,tomari,RU,47.7658,142.0683,57.38,92,87,8.61,overcast clouds
452,umm kaddadah,SD,13.6017,26.6876,91.24,36,67,1.88,light rain
453,labuhan,ID,-6.8844,112.2051,77.97,88,99,8.19,overcast clouds
454,prince george,CA,53.9166,-122.753,58.44,80,20,5.75,few clouds
455,lakhimpur,IN,27.95,80.7667,86.9,59,91,11.45,overcast clouds
456,kindu,CD,-2.95,25.95,85.62,44,87,2.01,overcast clouds
457,woodburn,US,45.1437,-122.8554,66.45,67,0,7.0,clear sky
458,lasa,IT,46.6166,10.7002,85.69,41,65,2.98,broken clouds
459,bahir dar,ET,11.5936,37.3908,62.53,90,99,4.16,light rain
460,bowen,AU,-20.0167,148.2333,54.01,55,6,10.4,clear sky
461,kalianget,ID,-7.05,113.9333,80.53,79,55,11.86,broken clouds
462,aksha,RU,50.2814,113.2867,59.16,90,75,1.01,broken clouds
463,rabo de peixe,PT,37.8,-25.5833,74.71,64,40,16.11,scattered clouds
464,uvira,CD,-3.4067,29.1458,77.16,61,40,6.29,scattered clouds
465,coquimbo,CL,-29.9533,-71.3436,55.13,87,75,2.3,broken clouds
466,jamame,SO,0.0722,42.7506,75.43,87,41,13.49,light rain
467,mumford,GH,5.2618,-0.759,76.23,84,86,11.99,overcast clouds
468,hervey bay,AU,-25.2986,152.8535,56.39,74,11,12.57,few clouds
469,tombouctou,ML,20.0,-3.0,110.73,11,40,12.26,scattered clouds
470,kurilsk,RU,45.2333,147.8833,50.97,93,56,8.39,broken clouds
471,bilibino,RU,68.0546,166.4372,42.93,74,10,5.59,clear sky
472,tiksi,RU,71.6872,128.8694,41.32,90,88,3.49,light rain
473,north bend,US,43.4065,-124.2243,60.93,93,40,8.05,mist
474,sakaiminato,JP,35.55,133.2333,78.78,94,75,9.22,broken clouds
475,katherine,AU,-14.4667,132.2667,50.32,66,6,5.75,clear sky
476,biak,ID,-0.9131,122.8766,74.35,92,100,5.66,moderate rain
477,quesnel,CA,52.9999,-122.5029,55.9,88,40,4.61,scattered clouds
478,khandyga,RU,62.6667,135.6,64.81,81,40,2.21,scattered clouds
479,kingisepp,RU,59.3733,28.6134,60.87,82,100,3.8,light rain
480,lompoc,US,34.6391,-120.4579,61.92,83,100,4.61,overcast clouds
481,vila,PT,42.0304,-8.1588,77.88,19,99,3.51,overcast clouds
482,ures,MX,29.4333,-110.4,90.77,50,5,1.95,clear sky
483,sobolevo,RU,54.4299,31.8996,63.39,86,52,10.22,light rain
484,pangoa,PE,-12.1167,-73.0,79.74,59,100,3.13,overcast clouds
485,ferrol,ES,43.4832,-8.2369,91.92,67,100,8.08,overcast clouds
486,aranos,NA,-24.1333,19.1167,64.81,20,0,5.88,clear sky
487,yamada,JP,39.4667,141.95,66.78,90,98,4.63,overcast clouds
488,krasnoselkup,RU,65.7,82.4667,57.42,60,100,6.08,overcast clouds
489,chegdomyn,RU,51.1167,133.0167,61.81,96,20,2.44,few clouds
490,kamaishi,JP,39.2667,141.8833,66.92,90,96,3.76,light rain
491,anito,PH,12.4497,125.2886,78.75,90,73,4.92,broken clouds
492,todos santos,MX,23.45,-110.2167,96.04,61,24,6.02,few clouds
493,gemena,CD,3.25,19.7667,71.24,99,100,4.21,very heavy rain
494,camana,PE,-16.6228,-72.7111,62.87,67,35,9.93,scattered clouds
495,conroe,US,30.3119,-95.456,91.74,64,40,6.91,scattered clouds
496,clyde river,CA,70.4692,-68.5914,44.83,76,0,8.05,clear sky
497,banda aceh,ID,5.5577,95.3222,80.4,79,56,10.13,broken clouds
498,ariquemes,BR,-9.9133,-63.0408,94.08,30,11,3.91,few clouds
499,garowe,SO,8.4054,48.4845,86.86,39,65,25.84,broken clouds
500,miri,MY,4.4148,114.0089,75.34,100,40,1.14,scattered clouds
501,saint-andre-les-vergers,FR,48.2853,4.0521,89.64,29,0,17.27,clear sky
502,nyaunglebin,MM,17.95,96.7333,76.19,94,91,5.44,overcast clouds
503,acari,PE,-15.4311,-74.6158,69.55,49,58,7.31,broken clouds
504,baruun-urt,MN,46.6806,113.2792,68.22,48,38,0.65,scattered clouds
505,mankato,US,44.1636,-93.9994,78.96,63,26,10.89,scattered clouds
506,djambala,CG,-2.5447,14.7533,87.26,27,38,5.79,scattered clouds
507,eqbaliyeh,IR,35.3022,51.5358,98.42,11,0,8.19,clear sky
508,yakeshi,CN,49.2833,120.7333,60.75,96,100,4.68,overcast clouds
509,athens,GR,37.9795,23.7162,87.26,33,0,20.71,clear sky
510,novyy urgal,RU,51.0736,132.5642,61.79,96,6,2.04,clear sky
511,westport,US,41.1415,-73.3579,84.9,76,0,5.75,clear sky
512,camaqua,BR,-30.8511,-51.8122,57.51,98,98,6.78,light rain
513,pitimbu,BR,-7.4706,-34.8086,84.79,68,14,16.35,few clouds
514,marienburg,PL,54.0359,19.0266,69.89,52,97,13.6,overcast clouds
515,mach,PK,29.8637,67.3298,76.87,82,99,1.97,overcast clouds
516,usinsk,RU,65.9939,57.5281,81.99,44,63,7.25,broken clouds
517,coruripe,BR,-10.1256,-36.1756,78.87,69,8,11.72,clear sky
518,taoudenni,ML,22.6783,-3.9836,116.19,6,43,11.88,scattered clouds
519,belyy yar,RU,53.6039,91.3903,56.86,70,0,0.0,light rain
520,dana point,US,33.467,-117.6981,72.59,84,48,4.0,scattered clouds
521,artyom,AZ,40.4723,50.333,82.54,65,0,13.4,clear sky
522,porbandar,IN,21.6422,69.6093,80.58,94,75,6.91,drizzle
523,jacmel,HT,18.2342,-72.5347,85.84,62,90,5.95,overcast clouds
524,intipuca,SV,13.1969,-88.0544,84.15,53,96,5.95,overcast clouds
525,meulaboh,ID,4.1363,96.1285,78.57,88,29,6.17,scattered clouds
526,rorvik,NO,64.8621,11.2373,51.78,83,100,23.35,overcast clouds
527,casa nova,BR,-9.4167,-41.1333,83.82,37,2,18.16,clear sky
528,rajampet,IN,14.1833,79.1667,83.39,55,85,20.45,overcast clouds
529,san fernando,PH,15.0286,120.6898,85.73,87,76,1.1,broken clouds
530,denpasar,ID,-8.65,115.2167,78.46,83,20,8.05,few clouds
531,adeje,ES,28.1227,-16.726,78.87,62,0,16.11,clear sky
532,ushtobe,KZ,45.2514,77.9838,77.05,25,0,16.78,clear sky
533,lata,PT,40.1629,-8.3327,93.49,39,67,9.6,broken clouds
534,verdun,FR,49.25,5.3333,91.17,26,8,15.21,clear sky
535,touros,BR,-5.1989,-35.4608,80.01,78,40,16.8,light rain
536,shaowu,CN,27.3409,117.4831,82.22,73,100,0.51,overcast clouds
537,jha jha,IN,24.7667,86.3667,89.91,57,54,13.33,broken clouds
538,horodnya,UA,51.8909,31.5974,70.32,66,16,9.91,few clouds
539,monte patria,CL,-30.6919,-70.9467,47.37,91,100,4.16,overcast clouds
540,yatou,CN,37.15,122.3833,74.25,92,35,2.17,scattered clouds
541,deogarh,IN,21.5333,84.7333,78.67,91,100,2.66,overcast clouds
542,nhulunbuy,AU,-12.2333,136.7667,70.41,64,75,12.66,broken clouds
543,richards bay,ZA,-28.783,32.0377,68.05,62,0,10.85,clear sky
544,soyo,AO,-6.1349,12.3689,74.17,74,10,10.11,clear sky
545,choma,ZM,-16.8065,26.9531,59.16,47,63,5.5,broken clouds
546,chiang rai,TH,19.9167,99.9167,80.58,96,75,5.75,light rain
547,poso,ID,-1.3959,120.7524,74.34,93,100,4.14,light rain
548,jalu,LY,29.0331,21.5482,92.93,21,0,14.18,clear sky
549,bandarbeyla,SO,9.4942,50.8122,78.76,79,79,32.91,broken clouds
550,bingol,TR,38.8847,40.4939,81.52,42,0,9.44,clear sky
551,flinders,AU,-34.5833,150.8552,50.18,70,21,7.0,few clouds
552,garden city,US,42.3256,-83.331,77.92,54,40,9.22,scattered clouds
553,wajima,JP,37.4,136.9,74.95,92,99,8.25,overcast clouds
554,vestmanna,FO,62.1564,-7.1664,52.72,82,75,12.66,broken clouds
555,gat,IL,31.61,34.7642,85.41,4,0,10.0,clear sky
556,sapele,NG,5.8941,5.6767,79.21,80,79,8.08,light rain
557,buala,SB,-8.145,159.5921,77.07,78,89,3.89,overcast clouds
558,namatanai,PG,-3.6667,152.4333,79.07,85,100,9.4,light rain
559,north branch,US,45.5113,-92.9802,78.85,75,66,1.01,broken clouds
560,nome,US,64.5011,-165.4064,46.47,100,100,0.0,mist
561,dharchula,IN,29.85,80.5333,72.45,92,100,4.61,overcast clouds
562,verkh-suetka,RU,53.3,80.05,60.8,53,97,5.26,overcast clouds
563,lorengau,PG,-2.0226,147.2712,81.41,75,100,3.0,overcast clouds
564,burlington,US,39.8835,-74.6413,90.09,52,0,5.75,clear sky
565,qandala,SO,11.472,49.8728,91.51,52,86,9.28,overcast clouds
566,buraydah,SA,26.326,43.975,108.05,10,71,10.13,broken clouds
567,san joaquin,US,37.9333,-121.3011,74.32,63,0,4.61,clear sky
568,sokolow podlaski,PL,52.4068,22.2531,71.38,48,2,8.95,clear sky
569,najran,SA,17.4924,44.1277,95.65,11,100,14.23,overcast clouds
570,ereymentau,KZ,51.6199,73.1033,72.03,37,11,3.76,few clouds
571,ganzhou,CN,28.8184,115.4327,83.75,75,100,3.31,overcast clouds
572,praya,CV,14.9215,-23.5087,82.94,54,20,17.27,few clouds
573,bay-khaak,RU,51.1667,94.5,51.69,84,100,2.86,overcast clouds
574,buchanan,LR,5.8808,-10.0467,76.6,85,100,10.65,light rain
575,roald,NO,62.5833,6.1333,57.16,67,40,12.66,scattered clouds
576,palmer,US,42.1584,-72.3287,81.64,52,7,3.58,clear sky
577,porto novo,BJ,6.4965,2.6036,80.42,83,100,10.65,overcast clouds
578,tucupita,VE,9.0622,-62.051,85.1,65,27,5.26,scattered clouds
579,along,IN,28.1667,94.7667,77.5,94,1,2.59,clear sky
580,klamath falls,US,42.2249,-121.7817,70.48,63,0,1.01,clear sky
581,austin,US,30.2672,-97.7431,95.25,57,0,4.0,clear sky
582,gushikawa,JP,26.3544,127.8686,84.2,86,75,5.75,broken clouds
583,podor,MR,16.6527,-14.9587,100.35,39,0,2.3,clear sky
584,griffith,US,41.5284,-87.4237,78.06,65,0,4.61,clear sky
585,limbang,MY,4.75,115.0,78.91,88,88,1.81,overcast clouds
586,basco,PH,20.4487,121.9702,84.61,77,98,16.64,overcast clouds
587,bol,TD,13.4586,14.7147,82.24,68,59,6.71,broken clouds
588,wenatchee,US,47.4235,-120.3103,71.98,45,0,6.91,clear sky
589,yabelo,ET,4.8833,38.0833,66.29,54,98,4.36,overcast clouds
590,saldanha,ZA,-33.0117,17.9442,59.05,86,6,8.63,clear sky
591,pietersburg,ZA,-23.9045,29.4688,67.05,21,0,8.05,clear sky
592,kenai,US,60.5544,-151.2583,55.02,95,100,0.0,overcast clouds
593,codrington,AU,-38.2667,141.9667,43.86,97,23,8.75,few clouds
594,alexandria,EG,31.2156,29.9553,82.36,54,0,17.27,clear sky
595,luanda,AO,-8.8368,13.2343,73.4,78,0,10.36,clear sky
596,ternate,ID,0.8,127.4,80.56,77,99,1.99,overcast clouds
597,pemba,MZ,-12.974,40.5178,77.7,73,75,17.27,broken clouds
598,rusetu,RO,44.95,27.2167,90.25,22,80,7.94,broken clouds
599,baghdad,IQ,33.3406,44.4009,107.51,10,0,13.8,clear sky
600,puerto del rosario,ES,28.5004,-13.8627,76.75,73,0,19.57,clear sky
601,pavlivka,UA,49.4414,28.4596,75.58,55,13,7.31,few clouds
602,bud,US,39.447,-86.1758,81.68,60,0,5.23,clear sky
603,hamilton,US,39.1834,-84.5333,83.61,57,20,8.05,few clouds
604,meadow lake,US,34.8014,-106.5436,85.21,44,5,6.82,clear sky
605,dalvik,IS,65.9702,-18.5286,53.53,84,100,4.99,overcast clouds
606,yelovo,RU,57.0538,54.9207,72.77,84,92,3.15,overcast clouds
607,svetlogorsk,BY,52.6333,29.7333,70.2,61,3,12.5,clear sky
608,vardo,NO,70.3705,31.1107,53.58,94,40,4.61,light intensity drizzle
609,degollado,MX,20.467,-102.1498,73.36,52,10,2.77,clear sky
610,wabana,CA,47.6332,-52.9481,78.69,55,40,10.36,scattered clouds
611,hambantota,LK,6.1241,81.1185,80.94,89,40,8.05,scattered clouds
612,gizo,SB,-8.103,156.8419,81.3,74,59,7.58,broken clouds
613,karakol,KG,42.4907,78.3936,56.71,63,77,3.76,broken clouds
614,lazaro cardenas,MX,17.9583,-102.2,84.7,65,99,1.72,overcast clouds
615,kamina,CD,-8.7386,24.9906,78.84,28,33,7.43,scattered clouds
616,cururupu,BR,-1.8283,-44.8683,83.34,74,39,8.63,scattered clouds
617,smithers,CA,54.7804,-127.1743,50.32,93,100,3.44,light rain
618,rey bouba,CM,8.6724,14.1786,83.25,66,63,5.66,broken clouds
619,cabras,IT,39.93,8.5314,86.86,56,0,7.92,clear sky
620,eyl,SO,7.9803,49.8164,81.45,69,83,26.98,broken clouds
621,rosarito,MX,32.3333,-117.0333,68.49,73,42,5.82,scattered clouds
622,vagur,FO,61.4732,-6.8119,50.56,88,41,15.12,scattered clouds
623,ketchikan,US,55.3422,-131.6461,54.07,94,100,11.5,moderate rain
624,thinadhoo,MV,0.5333,72.9333,83.44,73,58,12.66,broken clouds
625,awbari,LY,26.5921,12.7805,95.11,17,0,12.28,clear sky
626,reconquista,AR,-29.15,-59.65,69.08,70,81,10.92,broken clouds
627,bushehr,IR,28.9684,50.8385,93.29,66,0,9.22,clear sky
628,balabac,PH,7.9868,117.0645,81.34,81,66,10.85,broken clouds
629,jiayuguan,CN,39.8167,98.3,67.21,58,100,6.08,overcast clouds
630,eresos,GR,39.1667,25.9333,80.89,49,0,22.01,clear sky
631,svetlaya,RU,46.5389,138.3297,58.75,97,100,11.86,overcast clouds
632,cumra,TR,37.5732,32.7745,80.74,27,0,16.02,clear sky
633,sabang,ID,5.8933,95.3214,83.1,78,27,17.0,scattered clouds
634,dali,CN,25.7,100.1833,66.92,83,10,3.56,clear sky
635,anloga,GH,5.7947,0.8973,77.23,83,79,14.94,broken clouds
636,urumqi,CN,43.801,87.6005,77.95,24,0,8.95,clear sky
637,nalut,LY,30.3333,10.85,93.69,9,0,9.95,clear sky
638,chengam,IN,12.3,78.8,80.51,57,76,19.19,broken clouds
639,grand-lahou,CI,5.1367,-5.0242,77.79,79,99,11.18,overcast clouds
640,conceicao do araguaia,BR,-8.2578,-49.2647,93.4,33,80,3.58,broken clouds
641,kungurtug,RU,50.5994,97.5228,46.27,97,96,2.98,overcast clouds
642,honiara,SB,-9.4333,159.95,74.97,79,79,3.6,broken clouds
643,shenzhen,CN,22.5455,114.0683,87.08,90,100,6.08,overcast clouds
644,yerofey pavlovich,RU,53.9667,121.9667,61.57,92,100,3.31,overcast clouds
645,oktyabrskiy,RU,54.4815,53.471,70.11,74,98,8.41,overcast clouds
646,fare,PF,-16.7,-151.0167,77.13,71,39,23.87,scattered clouds
647,preston,GB,53.7667,-2.7167,68.32,63,40,13.8,scattered clouds
648,rundu,NA,-17.9333,19.7667,70.92,23,0,5.28,clear sky
649,tupik,RU,54.4253,119.9327,60.71,95,100,3.11,overcast clouds
650,haveli,PK,30.4502,73.6989,88.18,60,91,8.21,overcast clouds
651,ivaipora,BR,-24.2478,-51.6847,75.94,46,71,11.32,broken clouds
652,kembe,CF,4.6228,21.8865,75.24,83,95,2.95,light rain
653,amparafaravola,MG,-17.5833,48.2167,58.59,90,70,5.73,broken clouds
654,tolaga bay,NZ,-38.3667,178.3,53.19,94,100,10.69,overcast clouds
655,kuching,MY,1.55,110.3333,75.42,100,40,1.99,scattered clouds
656,fallon,US,39.4735,-118.7774,79.45,23,0,3.44,smoke
657,charlestown,AU,-32.95,151.6667,52.74,79,52,5.99,broken clouds
658,kailua,US,21.4022,-157.7394,78.78,88,100,14.97,light rain
659,keetmanshoop,NA,-26.5833,18.1333,67.46,19,0,4.29,clear sky
660,magdalena,PH,14.1999,121.429,79.36,94,67,0.51,broken clouds
661,naantali,FI,60.4674,22.0243,65.07,59,75,18.41,broken clouds
662,uige,AO,-7.6087,15.0613,86.97,22,5,6.02,clear sky
663,mattru,SL,7.6244,-11.8332,77.99,89,92,5.3,moderate rain
664,praia da vitoria,PT,38.7333,-27.0667,77.25,78,75,15.26,broken clouds
665,esna,EG,25.2934,32.554,98.62,12,28,16.96,scattered clouds
666,obala,CM,4.1667,11.5333,74.68,93,48,4.59,moderate rain
667,mbandaka,CD,0.0487,18.2603,85.59,46,72,2.91,broken clouds
668,marawi,PH,7.9986,124.2928,69.8,95,100,1.23,overcast clouds
669,san felipe,VE,10.3399,-68.7425,86.52,52,60,5.23,broken clouds
670,sturgeon bay,US,44.8342,-87.377,69.76,63,0,4.61,clear sky
671,mountmellick,IE,53.1136,-7.32,71.69,61,100,4.0,overcast clouds
672,ust-maya,RU,60.4167,134.5333,66.49,76,59,1.19,broken clouds
673,sao joao da barra,BR,-21.6403,-41.0511,78.89,71,2,10.13,clear sky
674,puerto escondido,MX,15.85,-97.0667,84.99,64,100,6.55,overcast clouds
675,tautira,PF,-17.7333,-149.15,75.7,62,97,21.23,overcast clouds
676,clevelandia,BR,-26.3958,-52.4708,66.85,73,100,12.28,overcast clouds
677,ayagoz,KZ,47.9714,80.4392,65.28,47,19,7.25,few clouds
678,high level,CA,58.5169,-117.136,60.91,63,0,5.75,clear sky
679,batagay,RU,67.6333,134.6333,58.64,73,44,2.91,scattered clouds
680,kasongo,CD,-4.45,26.6667,87.12,29,80,2.19,broken clouds
681,suez,EG,29.9737,32.5263,87.73,36,2,20.76,clear sky
682,bubaque,GW,11.2833,-15.8333,80.28,80,90,9.17,light rain
683,almaznyy,RU,48.0448,40.045,73.87,40,14,15.39,few clouds
684,ayia marina,GR,37.75,23.5333,85.33,50,0,21.72,clear sky
685,teya,RU,60.3778,92.6267,47.59,76,56,1.72,broken clouds
686,yaan,NG,7.3833,8.5667,80.49,78,61,7.18,light rain
